name,datecreated,duration,genre
Dream Gang,2010,?,?
Sex & Drugs & Rock & Roll,2010,?,?
Die Ongelooflike Avonture van Hanna Hoekom,2010,?,?
Jóvenes vivos,2010,?,?
A Long Visit,2010,?,?
Five Weddings and a Felony,2010,?,?
"Zwiebelfische - Jimmy Ernst, Glückstadt/New York",2010,?,?
Le principe du plaisir,2010,?,?
La comédie humaine,2010,?,?
Wild Target,2010,?,?
Toby Ross & the 70's,2010,?,?
Joffa: The Movie,2010,?,?
Maps and Stars and Music,2010,?,?
Beneath Everest: Nepal Reborn,2010,?,?
Naufragio,2010,?,?
Guibert cinéma,2010,?,?
What Goes Around,2010,?,?
The Ward,2010,?,?
I Am the River,2010,?,?
Beautiful Female Panther: Body Sniper,2010,?,?
